{
  "WelcomeMessage": "Welcome to our API!",
  "Success": "Record Fetch Successfully",
  "AdminNotExist": "Admin does not exist.",
  "InValidEmailPassword": "Invalid email or password.",
  "RoleNotFound": "Role not found.",
  "LoginSuccess": "Login successful.",
  "EmailNotExist": "Email does not exist.",
  "EmailSendSuccess": "Email sent successfully.",
  "InvalidLink": "Invalid link.",
  "PasswordResetSuccess": "Password reset successful.",
  "LogoutSucess": "Logout successful.",
  "EmailAlreadyExist": "Email already exists.",
  "AdminAddSuccess": "Admin added successfully.",
  "RecordAlreadyExist": "Record already exists.",
  "AddSuccessful": "Added successfully.",
  "RecordNotFound": "Record not found.",
  "UpdateSuccessful": "Updated successfully.",
  "DeleteSuccessful": "Deleted successfully.",
  "PaginatedDataSuccess": "Paginated data fetched successfully.",
  "TypeNotValid": "Type is not valid.",
  "RecordNotExist": "Record does not exist.",
  "MailAlreadySent": "The email has already been sent.",
  "ExportedDataSuccess": "Data exported successfully.",
  "RecordAlreadyInUse": "Record already in use.",
  "CarCompanyDelete": "Deletion failed. Please remove or reassign all cars linked to this company before proceeding"
}
