{
  "WelcomeMessage": "Bine ați venit la API-ul nostru!",
  "Success": "Înregistrarea a fost preluată cu succes",
  "AdminNotExist": "Administratorul nu există.",
  "InValidEmailPassword": "E-mail sau parolă nevalidă.",
  "RoleNotFound": "Rolul nu a fost găsit.",
  "LoginSuccess": "Autentificare reușită.",
  "EmailNotExist": "E-mailul nu există.",
  "EmailSendSuccess": "E-mail trimis cu succes.",
  "InvalidLink": "Link invalid.",
  "PasswordResetSuccess": "Resetarea parolei a fost reușită.",
  "LogoutSucess": "Deconectare reușită.",
  "EmailAlreadyExist": "E-mailul există deja.",
  "AdminAlreadyExist": "Ștergerea nu a reușit. Acest rol este în prezent atribuit utilizatorilor. Vă rugăm să atribuiți toți utilizatorii înainte de a-l șterge",
  "AdminAddSuccess": "Administrator adăugat cu succes.",
  "RecordAlreadyExist": "Înregistrarea există deja.",
  "AddSuccessful": "Adăugat cu succes.",
  "RecordNotFound": "Înregistrare negăsită.",
  "UpdateSuccessful": "Actualizare reușită.",
  "DeleteSuccessful": "Ștergere reușită.",
  "PaginatedDataSuccess": "Datele paginate au fost preluate cu succes.",
  "TypeNotValid": "Tipul nu este valid.",
  "RecordNotExist": "Înregistrarea nu există.",
  "ExportedDataSuccess": "Datele au fost exportate cu succes.",
  "CarCompanyDelete": "Ștergerea a eșuat. Vă rugăm să eliminați sau să reatribuiți toate mașinile legate de această companie înainte de a continua."
}
